-- phpMyAdmin SQL Dump
-- version 5.2.0
-- https://www.phpmyadmin.net/
--
-- Host: 127.0.0.1
-- Generation Time: Oct 29, 2025 at 06:13 AM
-- Server version: 10.4.25-MariaDB
-- PHP Version: 7.4.33

SET SQL_MODE = "NO_AUTO_VALUE_ON_ZERO";
START TRANSACTION;
SET time_zone = "+00:00";


/*!40101 SET @OLD_CHARACTER_SET_CLIENT=@@CHARACTER_SET_CLIENT */;
/*!40101 SET @OLD_CHARACTER_SET_RESULTS=@@CHARACTER_SET_RESULTS */;
/*!40101 SET @OLD_COLLATION_CONNECTION=@@COLLATION_CONNECTION */;
/*!40101 SET NAMES utf8mb4 */;

--
-- Database: `adicomp`
--

-- --------------------------------------------------------

--
-- Table structure for table `barang`
--

CREATE TABLE `barang` (
  `id_barang` int(11) NOT NULL,
  `nama_barang` varchar(50) DEFAULT NULL,
  `stok` int(11) NOT NULL
) ENGINE=InnoDB DEFAULT CHARSET=utf8mb4;

--
-- Dumping data for table `barang`
--

INSERT INTO `barang` (`id_barang`, `nama_barang`, `stok`) VALUES
(1, 'Asus X441N', 65),
(2, 'Asus X441S', 48),
(3, 'Asus X442U', 24),
(4, 'Asus X441M', 53),
(5, 'Lenovo Ideapad 110-14ast', 23),
(6, 'Lenovo Ideapad 100- 15ibr', 20),
(7, 'Lenovo G40 Intel Celeron N2840', 55),
(8, 'Hp 14-Af119au', 37),
(9, 'Hp 14- Ck0xxx', 31),
(10, 'Hp 15- D052tu', 21);

-- --------------------------------------------------------

--
-- Table structure for table `penjualan`
--

CREATE TABLE `penjualan` (
  `id_penjualan` int(11) NOT NULL,
  `id_barang` int(11) DEFAULT NULL,
  `id_user` int(11) DEFAULT NULL,
  `bulan` date DEFAULT NULL,
  `jumlah` int(11) DEFAULT NULL
) ENGINE=InnoDB DEFAULT CHARSET=utf8mb4;

--
-- Dumping data for table `penjualan`
--

INSERT INTO `penjualan` (`id_penjualan`, `id_barang`, `id_user`, `bulan`, `jumlah`) VALUES
(1, 1, 1, '2024-01-01', 43),
(2, 2, 1, '2024-01-01', 45),
(3, 3, 1, '2024-01-01', 45),
(4, 4, 1, '2024-01-01', 34),
(5, 5, 1, '2024-01-01', 53),
(6, 6, 1, '2024-01-01', 25),
(7, 7, 1, '2024-01-01', 40),
(8, 8, 1, '2024-01-01', 18),
(9, 9, 1, '2024-01-01', 31),
(10, 10, 1, '2024-01-01', 33),
(11, 1, 1, '2024-02-01', 36),
(12, 2, 1, '2024-02-01', 41),
(13, 3, 1, '2024-02-01', 40),
(14, 4, 1, '2024-02-01', 29),
(15, 5, 1, '2024-02-01', 46),
(16, 6, 1, '2024-02-01', 35),
(17, 7, 1, '2024-02-01', 52),
(18, 8, 1, '2024-02-01', 21),
(19, 9, 1, '2024-02-01', 28),
(20, 10, 1, '2024-02-01', 40),
(21, 1, 1, '2024-03-01', 40),
(22, 2, 1, '2024-03-01', 42),
(23, 3, 1, '2024-03-01', 38),
(24, 4, 1, '2024-03-01', 30),
(25, 5, 1, '2024-03-01', 54),
(26, 6, 1, '2024-03-01', 40),
(27, 7, 1, '2024-03-01', 43),
(28, 8, 1, '2024-03-01', 26),
(29, 9, 1, '2024-03-01', 37),
(30, 10, 1, '2024-03-01', 37),
(31, 1, 1, '2024-04-01', 35),
(32, 2, 1, '2024-04-01', 54),
(33, 3, 1, '2024-04-01', 33),
(34, 4, 1, '2024-04-01', 28),
(35, 5, 1, '2024-04-01', 52),
(36, 6, 1, '2024-04-01', 48),
(37, 7, 1, '2024-04-01', 49),
(38, 8, 1, '2024-04-01', 28),
(39, 9, 1, '2024-04-01', 39),
(40, 10, 1, '2024-04-01', 29),
(51, 1, 2, '2024-05-01', 25),
(52, 2, 2, '2024-05-01', 31),
(53, 3, 2, '2024-05-01', 44),
(54, 4, 2, '2024-05-01', 47),
(55, 5, 2, '2024-05-01', 35),
(56, 6, 2, '2024-05-01', 38),
(57, 7, 2, '2024-05-01', 46),
(58, 8, 2, '2024-05-01', 34),
(59, 9, 2, '2024-05-01', 35),
(60, 10, 2, '2024-05-01', 48),
(61, 1, 2, '2024-06-01', 45),
(62, 2, 2, '2024-06-01', 48),
(63, 3, 2, '2024-06-01', 35),
(64, 4, 2, '2024-06-01', 32),
(65, 5, 2, '2024-06-01', 42),
(66, 6, 2, '2024-06-01', 45),
(67, 7, 2, '2024-06-01', 24),
(68, 8, 2, '2024-06-01', 26),
(69, 9, 2, '2024-06-01', 32),
(70, 10, 2, '2024-06-01', 31),
(71, 1, 2, '2024-07-01', 35),
(72, 2, 2, '2024-07-01', 44),
(73, 3, 2, '2024-07-01', 38),
(74, 4, 2, '2024-07-01', 41),
(75, 5, 2, '2024-07-01', 55),
(76, 6, 2, '2024-07-01', 32),
(77, 7, 2, '2024-07-01', 25),
(78, 8, 2, '2024-07-01', 24),
(79, 9, 2, '2024-07-01', 37),
(80, 10, 2, '2024-07-01', 35),
(81, 1, 2, '2024-08-01', 42),
(82, 2, 2, '2024-08-01', 37),
(83, 3, 2, '2024-08-01', 38),
(84, 4, 2, '2024-08-01', 39),
(85, 5, 2, '2024-08-01', 30),
(86, 6, 2, '2024-08-01', 30),
(87, 7, 2, '2024-08-01', 27),
(88, 8, 2, '2024-08-01', 19),
(89, 9, 2, '2024-08-01', 29),
(90, 10, 2, '2024-08-01', 43),
(91, 1, 2, '2024-09-01', 30),
(92, 2, 2, '2024-09-01', 43),
(93, 3, 2, '2024-09-01', 32),
(94, 4, 2, '2024-09-01', 35),
(95, 5, 2, '2024-09-01', 40),
(96, 6, 2, '2024-09-01', 26),
(97, 7, 2, '2024-09-01', 42),
(98, 8, 2, '2024-09-01', 25),
(99, 9, 2, '2024-09-01', 31),
(100, 10, 2, '2024-09-01', 54),
(101, 1, 2, '2024-10-01', 45),
(102, 2, 2, '2024-10-01', 53),
(103, 3, 2, '2024-10-01', 40),
(104, 4, 2, '2024-10-01', 26),
(105, 5, 2, '2024-10-01', 48),
(106, 6, 2, '2024-10-01', 35),
(107, 7, 2, '2024-10-01', 41),
(108, 8, 2, '2024-10-01', 31),
(109, 9, 2, '2024-10-01', 34),
(111, 10, 2, '2024-10-01', 42),
(125, 1, 2, '2024-11-01', 35),
(126, 1, 2, '2024-12-01', 48),
(127, 1, 2, '2025-01-01', 38),
(128, 1, 2, '2025-02-01', 28),
(129, 1, 2, '2025-03-01', 43),
(130, 1, 2, '2025-04-01', 38),
(131, 2, 2, '2024-11-01', 50),
(132, 2, 2, '2024-12-01', 35),
(133, 2, 2, '2025-01-01', 52),
(134, 2, 2, '2025-02-01', 45),
(135, 2, 2, '2025-03-01', 37),
(136, 2, 2, '2025-04-01', 40),
(139, 3, 2, '2025-01-01', 35),
(140, 3, 2, '2025-02-01', 40),
(141, 3, 2, '2025-03-01', 35),
(142, 3, 2, '2025-04-01', 33),
(143, 3, 2, '2024-11-01', 38),
(144, 3, 2, '2024-12-01', 44),
(145, 4, 2, '2024-11-01', 41),
(146, 4, 2, '2024-12-01', 37),
(147, 4, 2, '2025-01-01', 51),
(148, 4, 2, '2025-02-01', 46),
(149, 4, 2, '2025-03-01', 39),
(150, 4, 2, '2025-04-01', 35),
(151, 5, 2, '2024-11-01', 33),
(152, 5, 2, '2024-12-01', 37),
(153, 5, 2, '2025-01-01', 42),
(154, 5, 2, '2025-02-01', 45),
(155, 5, 2, '2025-03-01', 27),
(156, 5, 2, '2025-04-01', 38),
(157, 6, 2, '2024-11-01', 30),
(158, 6, 2, '2024-12-01', 28),
(159, 6, 2, '2025-01-01', 38),
(160, 6, 2, '2025-02-01', 42),
(161, 6, 2, '2025-03-01', 28),
(162, 6, 2, '2025-04-01', 40),
(163, 7, 2, '2024-11-01', 40),
(164, 7, 2, '2024-12-01', 36),
(165, 7, 2, '2025-01-01', 39),
(166, 7, 2, '2025-02-01', 37),
(167, 7, 2, '2025-03-01', 34),
(168, 7, 2, '2025-04-01', 36),
(169, 8, 2, '2024-11-01', 28),
(170, 8, 2, '2024-12-01', 32),
(171, 8, 2, '2025-01-01', 27),
(172, 8, 2, '2025-02-01', 24),
(173, 8, 2, '2025-03-01', 22),
(174, 8, 2, '2025-04-01', 25),
(175, 9, 2, '2024-11-01', 27),
(176, 9, 2, '2024-12-01', 31),
(177, 9, 2, '2025-01-01', 35),
(178, 9, 2, '2025-02-01', 35),
(179, 9, 2, '2025-03-01', 32),
(180, 9, 2, '2025-04-01', 29),
(181, 10, 2, '2024-11-01', 40),
(182, 10, 2, '2024-12-01', 34),
(183, 10, 2, '2025-01-01', 29),
(184, 10, 2, '2025-02-01', 31),
(185, 10, 2, '2025-03-01', 36),
(186, 10, 2, '2025-04-01', 21);

-- --------------------------------------------------------

--
-- Table structure for table `perbandingan`
--

CREATE TABLE `perbandingan` (
  `id_perbandingan` int(11) NOT NULL,
  `id_prediksi` int(11) DEFAULT NULL,
  `waktu_perbandingan` datetime DEFAULT NULL,
  `hasil_perbandingan` varchar(1000) DEFAULT NULL
) ENGINE=InnoDB DEFAULT CHARSET=utf8mb4;

--
-- Dumping data for table `perbandingan`
--

INSERT INTO `perbandingan` (`id_perbandingan`, `id_prediksi`, `waktu_perbandingan`, `hasil_perbandingan`) VALUES
(6, 101, '2025-05-02 15:28:07', '{\"metode_terbaik\":\"SES\",\"mse_wma\":181.06,\"mse_ses\":145.16,\"perbedaan_mse\":35.900000000000006,\"perbed'),
(7, 101, '2025-05-02 15:42:06', '{\"metode_terbaik\":\"SES\",\"mse_wma\":181.06,\"mse_ses\":145.16,\"perbedaan_mse\":35.900000000000006,\"perbed'),
(8, 101, '2025-05-02 15:42:41', '{\"metode_terbaik\":\"SES\",\"mse_wma\":181.06,\"mse_ses\":145.16,\"perbedaan_mse\":35.900000000000006,\"perbed'),
(9, 101, '2025-05-02 15:47:28', '{\"metode_terbaik\":\"SES\",\"mse_wma\":181.06,\"mse_ses\":145.16,\"perbedaan_mse\":35.900000000000006,\"perbedaan_persen\":24.73,\"prediksi_wma\":\"46.83\",\"prediksi_ses\":\"42.76\",\"id_prediksi_wma\":\"101\",\"id_prediksi_ses\":\"98\"}'),
(10, 101, '2025-05-02 15:54:02', '{\"metode_terbaik\":\"SES\",\"mse_wma\":181.06,\"mse_ses\":145.16,\"perbedaan_mse\":35.900000000000006,\"perbedaan_persen\":24.73,\"prediksi_wma\":\"46.83\",\"prediksi_ses\":\"42.76\",\"id_prediksi_wma\":\"101\",\"id_prediksi_ses\":\"98\"}'),
(11, 101, '2025-05-05 13:41:17', '{\"metode_terbaik\":\"SES\",\"mse_wma\":181.06,\"mse_ses\":145.16,\"perbedaan_mse\":35.900000000000006,\"perbedaan_persen\":24.73,\"prediksi_wma\":\"46.83\",\"prediksi_ses\":\"42.76\",\"id_prediksi_wma\":\"101\",\"id_prediksi_ses\":\"98\"}'),
(12, 101, '2025-05-05 13:55:42', '{\"metode_terbaik\":\"SES\",\"mse_wma\":181.06,\"mse_ses\":145.16,\"perbedaan_mse\":35.900000000000006,\"perbedaan_persen\":24.73,\"prediksi_wma\":\"46.83\",\"prediksi_ses\":\"42.76\",\"id_prediksi_wma\":\"101\",\"id_prediksi_ses\":\"98\"}'),
(14, 102, '2025-05-05 14:21:08', '{\"metode_terbaik\":\"SES\",\"mse_wma\":181.06,\"mse_ses\":145.16,\"perbedaan_mse\":35.900000000000006,\"perbedaan_persen\":24.73,\"prediksi_wma\":\"46.83\",\"prediksi_ses\":\"42.76\",\"id_prediksi_wma\":\"102\",\"id_prediksi_ses\":\"98\"}'),
(15, 102, '2025-05-08 12:53:43', '{\"metode_terbaik\":\"SES\",\"mse_wma\":181.06,\"mse_ses\":145.16,\"perbedaan_mse\":35.900000000000006,\"perbedaan_persen\":24.73,\"prediksi_wma\":\"46.83\",\"prediksi_ses\":\"42.76\",\"id_prediksi_wma\":\"102\",\"id_prediksi_ses\":\"98\"}'),
(16, 109, '2025-05-09 10:33:14', '{\"metode_terbaik\":\"SES\",\"mse_wma\":181.06,\"mse_ses\":145.16,\"perbedaan_mse\":35.900000000000006,\"perbedaan_persen\":24.73,\"prediksi_wma\":\"46.83\",\"prediksi_ses\":\"42.76\",\"id_prediksi_wma\":\"109\",\"id_prediksi_ses\":\"108\"}'),
(17, 110, '2025-05-09 10:39:59', '{\"metode_terbaik\":\"SES\",\"mse_wma\":181.06,\"mse_ses\":145.16,\"perbedaan_mse\":35.900000000000006,\"perbedaan_persen\":24.73,\"prediksi_wma\":\"46.83\",\"prediksi_ses\":\"42.76\",\"id_prediksi_wma\":\"110\",\"id_prediksi_ses\":\"111\"}'),
(19, 117, '2025-05-20 19:41:14', '{\"metode_terbaik\":\"SES\",\"mse_wma\":124.72,\"mse_ses\":94.97,\"perbedaan_mse\":29.75,\"perbedaan_persen\":31.33,\"prediksi_wma\":\"39.17\",\"prediksi_ses\":\"39.55\",\"id_prediksi_wma\":\"117\",\"id_prediksi_ses\":\"118\"}'),
(20, 119, '2025-05-20 19:57:30', '{\"metode_terbaik\":\"WMA\",\"mse_wma\":71.98,\"mse_ses\":92.57,\"perbedaan_mse\":20.58999999999999,\"perbedaan_persen\":28.61,\"prediksi_wma\":\"41.83\",\"prediksi_ses\":\"44.56\",\"id_prediksi_wma\":\"119\",\"id_prediksi_ses\":\"120\"}'),
(21, 124, '2025-05-20 20:03:21', '{\"metode_terbaik\":\"SES\",\"mse_wma\":80.95,\"mse_ses\":61.64,\"perbedaan_mse\":19.310000000000002,\"perbedaan_persen\":31.33,\"prediksi_wma\":\"39.83\",\"prediksi_ses\":\"42.86\",\"id_prediksi_wma\":\"124\",\"id_prediksi_ses\":\"125\"}'),
(22, 134, '2025-05-20 20:17:57', '{\"metode_terbaik\":\"SES\",\"mse_wma\":74.27,\"mse_ses\":60.88,\"perbedaan_mse\":13.389999999999993,\"perbedaan_persen\":21.99,\"prediksi_wma\":\"38.17\",\"prediksi_ses\":\"38.97\",\"id_prediksi_wma\":\"134\",\"id_prediksi_ses\":\"135\"}'),
(23, 140, '2025-05-20 20:31:05', '{\"metode_terbaik\":\"WMA\",\"mse_wma\":67.2,\"mse_ses\":116.58,\"perbedaan_mse\":49.379999999999995,\"perbedaan_persen\":73.48,\"prediksi_wma\":\"32.83\",\"prediksi_ses\":\"35.06\",\"id_prediksi_wma\":\"140\",\"id_prediksi_ses\":\"141\"}'),
(24, 117, '2025-05-20 21:23:42', '{\"metode_terbaik\":\"SES\",\"mse_wma\":124.72,\"mse_ses\":94.97,\"perbedaan_mse\":29.75,\"perbedaan_persen\":31.33,\"prediksi_wma\":\"39.17\",\"prediksi_ses\":\"39.55\",\"id_prediksi_wma\":\"117\",\"id_prediksi_ses\":\"118\"}'),
(25, 136, '2025-05-20 21:23:45', '{\"metode_terbaik\":\"WMA\",\"mse_wma\":75.52,\"mse_ses\":97.51,\"perbedaan_mse\":21.99000000000001,\"perbedaan_persen\":29.12,\"prediksi_wma\":\"39.83\",\"prediksi_ses\":\"43.6\",\"id_prediksi_wma\":\"136\",\"id_prediksi_ses\":\"137\"}'),
(26, 140, '2025-05-20 21:23:48', '{\"metode_terbaik\":\"WMA\",\"mse_wma\":67.2,\"mse_ses\":116.58,\"perbedaan_mse\":49.379999999999995,\"perbedaan_persen\":73.48,\"prediksi_wma\":\"32.83\",\"prediksi_ses\":\"35.06\",\"id_prediksi_wma\":\"140\",\"id_prediksi_ses\":\"141\"}'),
(27, 140, '2025-05-20 21:23:55', '{\"metode_terbaik\":\"WMA\",\"mse_wma\":67.2,\"mse_ses\":116.58,\"perbedaan_mse\":49.379999999999995,\"perbedaan_persen\":73.48,\"prediksi_wma\":\"32.83\",\"prediksi_ses\":\"35.06\",\"id_prediksi_wma\":\"140\",\"id_prediksi_ses\":\"141\"}'),
(28, 136, '2025-05-20 21:24:03', '{\"metode_terbaik\":\"WMA\",\"mse_wma\":75.52,\"mse_ses\":97.51,\"perbedaan_mse\":21.99000000000001,\"perbedaan_persen\":29.12,\"prediksi_wma\":\"39.83\",\"prediksi_ses\":\"43.6\",\"id_prediksi_wma\":\"136\",\"id_prediksi_ses\":\"137\"}'),
(29, 140, '2025-05-20 21:24:06', '{\"metode_terbaik\":\"WMA\",\"mse_wma\":67.2,\"mse_ses\":116.58,\"perbedaan_mse\":49.379999999999995,\"perbedaan_persen\":73.48,\"prediksi_wma\":\"32.83\",\"prediksi_ses\":\"35.06\",\"id_prediksi_wma\":\"140\",\"id_prediksi_ses\":\"141\"}'),
(30, 134, '2025-05-20 21:24:09', '{\"metode_terbaik\":\"SES\",\"mse_wma\":74.27,\"mse_ses\":60.88,\"perbedaan_mse\":13.389999999999993,\"perbedaan_persen\":21.99,\"prediksi_wma\":\"38.17\",\"prediksi_ses\":\"38.97\",\"id_prediksi_wma\":\"134\",\"id_prediksi_ses\":\"135\"}'),
(31, 142, '2025-05-20 21:24:14', '{\"metode_terbaik\":\"SES\",\"mse_wma\":202.4,\"mse_ses\":182.2,\"perbedaan_mse\":20.200000000000017,\"perbedaan_persen\":11.09,\"prediksi_wma\":\"26.67\",\"prediksi_ses\":\"34.36\",\"id_prediksi_wma\":\"142\",\"id_prediksi_ses\":\"143\"}'),
(32, 146, '2025-05-20 21:24:17', '{\"metode_terbaik\":\"WMA\",\"mse_wma\":134.42,\"mse_ses\":165.91,\"perbedaan_mse\":31.49000000000001,\"perbedaan_persen\":23.43,\"prediksi_wma\":\"38\",\"prediksi_ses\":\"35.18\",\"id_prediksi_wma\":\"146\",\"id_prediksi_ses\":\"147\"}'),
(33, 148, '2025-05-20 21:24:23', '{\"metode_terbaik\":\"SES\",\"mse_wma\":116.15,\"mse_ses\":89.55,\"perbedaan_mse\":26.60000000000001,\"perbedaan_persen\":29.7,\"prediksi_wma\":\"27.67\",\"prediksi_ses\":\"30.53\",\"id_prediksi_wma\":\"148\",\"id_prediksi_ses\":\"149\"}'),
(34, 158, '2025-05-20 21:24:27', '{\"metode_terbaik\":\"WMA\",\"mse_wma\":127.79,\"mse_ses\":129.51,\"perbedaan_mse\":1.7199999999999847,\"perbedaan_persen\":1.35,\"prediksi_wma\":\"33.67\",\"prediksi_ses\":\"30.81\",\"id_prediksi_wma\":\"158\",\"id_prediksi_ses\":\"159\"}'),
(35, 160, '2025-05-20 21:24:30', '{\"metode_terbaik\":\"WMA\",\"mse_wma\":46.45,\"mse_ses\":62.13,\"perbedaan_mse\":15.68,\"perbedaan_persen\":33.76,\"prediksi_wma\":\"18.5\",\"prediksi_ses\":\"25.24\",\"id_prediksi_wma\":\"160\",\"id_prediksi_ses\":\"161\"}'),
(36, 162, '2025-05-20 21:24:32', '{\"metode_terbaik\":\"SES\",\"mse_wma\":80.65,\"mse_ses\":79.42,\"perbedaan_mse\":1.230000000000004,\"perbedaan_persen\":1.55,\"prediksi_wma\":\"27.67\",\"prediksi_ses\":\"32.96\",\"id_prediksi_wma\":\"162\",\"id_prediksi_ses\":\"163\"}'),
(37, 164, '2025-05-20 21:31:07', '{\"metode_terbaik\":\"SES\",\"mse_wma\":80.95,\"mse_ses\":61.64,\"perbedaan_mse\":19.310000000000002,\"perbedaan_persen\":31.33,\"prediksi_wma\":\"39.83\",\"prediksi_ses\":\"42.86\",\"id_prediksi_wma\":\"164\",\"id_prediksi_ses\":\"165\"}'),
(38, 166, '2025-05-20 21:31:41', '{\"metode_terbaik\":\"WMA\",\"mse_wma\":67.2,\"mse_ses\":116.58,\"perbedaan_mse\":49.379999999999995,\"perbedaan_persen\":73.48,\"prediksi_wma\":\"32.83\",\"prediksi_ses\":\"35.06\",\"id_prediksi_wma\":\"166\",\"id_prediksi_ses\":\"167\"}'),
(39, 168, '2025-05-20 21:32:27', '{\"metode_terbaik\":\"SES\",\"mse_wma\":74.27,\"mse_ses\":60.88,\"perbedaan_mse\":13.389999999999993,\"perbedaan_persen\":21.99,\"prediksi_wma\":\"38.17\",\"prediksi_ses\":\"38.97\",\"id_prediksi_wma\":\"168\",\"id_prediksi_ses\":\"169\"}'),
(40, 186, '2025-07-01 12:14:11', '{\"metode_terbaik\":\"SES\",\"mse_wma\":124.716,\"mse_ses\":94.9713,\"perbedaan_mse\":29.744699999999995,\"perbedaan_persen\":31.3197,\"prediksi_wma\":\"39.1667\",\"prediksi_ses\":\"39.5499\",\"id_prediksi_wma\":\"186\",\"id_prediksi_ses\":\"187\"}'),
(41, 191, '2025-07-01 12:34:21', '{\"metode_terbaik\":\"SES\",\"mse_wma\":124.7158,\"mse_ses\":94.9713,\"perbedaan_mse\":29.744500000000002,\"perbedaan_persen\":31.32,\"prediksi_wma\":\"39.1667\",\"prediksi_ses\":\"39.5499\",\"id_prediksi_wma\":\"191\",\"id_prediksi_ses\":\"192\"}'),
(42, 191, '2025-07-01 12:44:44', '{\"metode_terbaik\":\"SES\",\"mse_wma\":124.7158,\"mse_ses\":94.9713,\"perbedaan_mse\":29.744500000000002,\"perbedaan_persen\":31.32,\"prediksi_wma\":\"39.1667\",\"prediksi_ses\":\"39.5499\",\"id_prediksi_wma\":\"191\",\"id_prediksi_ses\":\"192\"}'),
(43, 193, '2025-07-01 12:44:50', '{\"metode_terbaik\":\"SES\",\"mse_wma\":80.9487,\"mse_ses\":61.6367,\"perbedaan_mse\":19.312000000000005,\"perbedaan_persen\":31.33,\"prediksi_wma\":\"39.8333\",\"prediksi_ses\":\"42.865\",\"id_prediksi_wma\":\"193\",\"id_prediksi_ses\":\"194\"}'),
(44, 212, '2025-07-01 15:17:05', '{\"metode_terbaik\":\"SES\",\"mse_wma\":15.1068,\"mse_ses\":13.2282,\"perbedaan_mse\":1.8786000000000005,\"perbedaan_persen\":14.2,\"prediksi_wma\":\"31\",\"prediksi_ses\":\"31.9104\",\"id_prediksi_wma\":\"212\",\"id_prediksi_ses\":\"213\"}'),
(45, 222, '2025-07-01 19:32:04', '{\"metode_terbaik\":\"WMA\",\"mse_wma\":23.1111,\"mse_ses\":23.8112,\"perbedaan_mse\":0.7000999999999991,\"perbedaan_persen\":3.03,\"prediksi_wma\":\"34.8333\",\"prediksi_ses\":\"37.0473\",\"id_prediksi_wma\":\"222\",\"id_prediksi_ses\":\"223\"}'),
(46, 211, '2025-07-01 19:33:17', '{\"metode_terbaik\":\"SES\",\"mse_wma\":80.6496,\"mse_ses\":79.4205,\"perbedaan_mse\":1.2291000000000025,\"perbedaan_persen\":1.55,\"prediksi_wma\":\"27.6667\",\"prediksi_ses\":\"32.9623\",\"id_prediksi_wma\":\"211\",\"id_prediksi_ses\":\"210\"}'),
(47, 212, '2025-07-01 19:33:30', '{\"metode_terbaik\":\"SES\",\"mse_wma\":15.1068,\"mse_ses\":13.2282,\"perbedaan_mse\":1.8786000000000005,\"perbedaan_persen\":14.2,\"prediksi_wma\":\"31\",\"prediksi_ses\":\"31.9104\",\"id_prediksi_wma\":\"212\",\"id_prediksi_ses\":\"213\"}'),
(48, 214, '2025-07-01 19:33:57', '{\"metode_terbaik\":\"WMA\",\"mse_wma\":25.656,\"mse_ses\":29.2844,\"perbedaan_mse\":3.6284000000000027,\"perbedaan_persen\":14.14,\"prediksi_wma\":\"23.8333\",\"prediksi_ses\":\"25.4001\",\"id_prediksi_wma\":\"214\",\"id_prediksi_ses\":\"215\"}'),
(49, 216, '2025-07-01 19:34:11', '{\"metode_terbaik\":\"SES\",\"mse_wma\":75.1944,\"mse_ses\":68.1762,\"perbedaan_mse\":7.018200000000007,\"perbedaan_persen\":10.29,\"prediksi_wma\":\"35.5\",\"prediksi_ses\":\"36.7451\",\"id_prediksi_wma\":\"216\",\"id_prediksi_ses\":\"217\"}'),
(50, 218, '2025-07-01 19:34:32', '{\"metode_terbaik\":\"WMA\",\"mse_wma\":57.7821,\"mse_ses\":65.0163,\"perbedaan_mse\":7.234200000000001,\"perbedaan_persen\":12.52,\"prediksi_wma\":\"36.3333\",\"prediksi_ses\":\"34.7044\",\"id_prediksi_wma\":\"218\",\"id_prediksi_ses\":\"219\"}'),
(51, 220, '2025-07-01 19:34:50', '{\"metode_terbaik\":\"SES\",\"mse_wma\":96.0748,\"mse_ses\":92.8528,\"perbedaan_mse\":3.221999999999994,\"perbedaan_persen\":3.47,\"prediksi_wma\":\"35.5\",\"prediksi_ses\":\"38.9329\",\"id_prediksi_wma\":\"220\",\"id_prediksi_ses\":\"221\"}'),
(52, 197, '2025-07-01 19:35:01', '{\"metode_terbaik\":\"SES\",\"mse_wma\":74.2692,\"mse_ses\":60.8846,\"perbedaan_mse\":13.384599999999999,\"perbedaan_persen\":21.98,\"prediksi_wma\":\"38.1667\",\"prediksi_ses\":\"38.9695\",\"id_prediksi_wma\":\"197\",\"id_prediksi_ses\":\"198\"}'),
(53, 222, '2025-07-01 19:35:11', '{\"metode_terbaik\":\"WMA\",\"mse_wma\":23.1111,\"mse_ses\":23.8112,\"perbedaan_mse\":0.7000999999999991,\"perbedaan_persen\":3.03,\"prediksi_wma\":\"34.8333\",\"prediksi_ses\":\"37.0473\",\"id_prediksi_wma\":\"222\",\"id_prediksi_ses\":\"223\"}'),
(54, 197, '2025-07-01 19:35:55', '{\"metode_terbaik\":\"SES\",\"mse_wma\":74.2692,\"mse_ses\":60.8846,\"perbedaan_mse\":13.384599999999999,\"perbedaan_persen\":21.98,\"prediksi_wma\":\"38.1667\",\"prediksi_ses\":\"38.9695\",\"id_prediksi_wma\":\"197\",\"id_prediksi_ses\":\"198\"}'),
(55, 224, '2025-07-01 19:55:01', '{\"metode_terbaik\":\"SES\",\"mse_wma\":76.0043,\"mse_ses\":60.348,\"perbedaan_mse\":15.656300000000002,\"perbedaan_persen\":25.94,\"prediksi_wma\":\"38\",\"prediksi_ses\":\"38.2938\",\"id_prediksi_wma\":\"224\",\"id_prediksi_ses\":\"225\"}'),
(56, 232, '2025-07-14 21:00:56', '{\"metode_terbaik\":\"SES\",\"mse_wma\":76.0043,\"mse_ses\":60.348,\"perbedaan_mse\":15.656300000000002,\"perbedaan_persen\":25.94,\"prediksi_wma\":\"38\",\"prediksi_ses\":\"38.2938\",\"id_prediksi_wma\":\"232\",\"id_prediksi_ses\":\"233\"}'),
(57, 257, '2025-07-16 10:44:44', '{\"metode_terbaik\":\"SES\",\"mse_wma\":76.0043,\"mse_ses\":60.348,\"perbedaan_mse\":15.656300000000002,\"perbedaan_persen\":25.94,\"prediksi_wma\":\"38\",\"prediksi_ses\":\"38.2938\",\"id_prediksi_wma\":\"257\",\"id_prediksi_ses\":\"258\"}');

-- --------------------------------------------------------

--
-- Table structure for table `prediksi`
--

CREATE TABLE `prediksi` (
  `id_prediksi` int(11) NOT NULL,
  `id_barang` int(11) NOT NULL,
  `metode` varchar(50) DEFAULT NULL,
  `waktu_prediksi` datetime DEFAULT NULL,
  `hasil` varchar(100) DEFAULT NULL,
  `mse` double DEFAULT NULL
) ENGINE=InnoDB DEFAULT CHARSET=utf8mb4;

--
-- Dumping data for table `prediksi`
--

INSERT INTO `prediksi` (`id_prediksi`, `id_barang`, `metode`, `waktu_prediksi`, `hasil`, `mse`) VALUES
(4, 0, 'WMA', '2025-04-11 09:32:15', '40.5', 165.52999877929688),
(5, 0, 'WMA', '2025-04-11 09:59:23', '40.5', 165.52999877929688),
(6, 0, 'WMA', '2025-04-11 10:12:58', '40.5', 165.52999877929688),
(7, 0, 'WMA', '2025-04-11 10:13:34', '40.33', 164.75),
(8, 0, 'WMA', '2025-04-11 10:14:24', '40.5', 165.52999877929688),
(9, 0, 'WMA', '2025-04-11 10:24:57', '40.5', 165.52999877929688),
(10, 0, 'WMA', '2025-04-11 10:38:58', '38.5', 179.1699981689453),
(11, 0, 'WMA', '2025-04-11 10:39:08', '38.5', 179.1699981689453),
(12, 0, 'WMA', '2025-04-11 10:40:12', '41.67', 114.37999725341797),
(13, 0, 'WMA', '2025-04-12 05:15:01', '38.5', 179.1699981689453),
(14, 0, 'WMA', '2025-04-12 05:23:49', '38.5', 179.1699981689453),
(15, 0, 'WMA', '2025-04-12 05:57:30', '38.5', 179.1699981689453),
(16, 0, 'WMA', '2025-04-12 05:58:40', '46.83', 186.7899932861328),
(17, 0, 'WMA', '2025-04-12 06:02:03', '38.5', 179.1699981689453),
(18, 0, 'WMA', '2025-04-12 06:06:23', '46.83', 186.7899932861328),
(19, 0, 'WMA', '2025-04-12 06:18:24', '46.83', 179.1699981689453),
(20, 0, 'WMA', '2025-04-12 06:30:45', '46.83', 179.1699981689453),
(21, 0, 'WMA', '2025-04-12 07:08:36', '46.83', 179.1699981689453),
(22, 0, 'WMA', '2025-04-12 07:09:49', '35', 182.25),
(23, 0, 'WMA', '2025-04-13 08:59:25', '46.83', 179.1699981689453),
(24, 0, 'WMA', '2025-04-13 09:17:54', '46.83', 186.7899932861328),
(25, 0, 'WMA', '2025-04-13 09:23:47', '46.83', 0),
(26, 0, 'WMA', '2025-04-13 09:29:45', '46.83', 186.7899932861328),
(27, 0, 'WMA', '2025-04-13 09:30:24', '46.83', 186.7899932861328),
(28, 0, 'WMA', '2025-04-13 09:30:37', '46.83', 186.7899932861328),
(29, 0, 'WMA', '2025-04-13 09:30:47', '46.83', 186.7899932861328),
(30, 0, 'WMA', '2025-04-13 09:43:41', '46.83', 186.7899932861328),
(31, 0, 'WMA', '2025-04-14 04:36:37', '46.83', 186.7899932861328),
(32, 0, 'WMA', '2025-04-14 05:04:06', '38.5', 179.1699981689453),
(33, 0, 'WMA', '2025-04-14 05:06:44', '46.83', 186.7899932861328),
(34, 0, 'WMA', '2025-04-14 05:19:18', '46.83', 186.7899932861328),
(35, 0, 'WMA', '2025-04-14 05:30:41', '46.83', 186.7899932861328),
(36, 0, 'WMA', '2025-04-14 05:38:25', '46.83', 186.7899932861328),
(37, 0, 'WMA', '2025-04-14 05:38:42', '46.83', 186.7899932861328),
(38, 0, 'WMA', '2025-04-14 05:39:14', '46.83', 186.7899932861328),
(39, 0, 'WMA', '2025-04-14 06:05:27', '46.83', 186.7899932861328),
(40, 0, 'WMA', '2025-04-14 06:16:28', '46.83', 186.7899932861328),
(41, 0, 'WMA', '2025-04-14 06:28:50', '46.83', 186.7899932861328),
(42, 0, 'WMA', '2025-04-14 06:30:57', '46.83', 186.7899932861328),
(43, 0, 'WMA', '2025-04-14 06:33:14', '46.83', 158.9199981689453),
(44, 0, 'WMA', '2025-04-14 06:46:06', '46.83', 186.7899932861328),
(45, 0, 'WMA', '2025-04-14 06:55:03', '46.83', 178.72999572753906),
(46, 0, 'WMA', '2025-04-14 06:59:23', '46.83', 186.7899932861328),
(47, 0, 'WMA', '2025-04-14 07:00:45', '46.83', 186.7899932861328),
(48, 0, 'WMA', '2025-04-14 07:03:12', '46.83', 186.7899932861328),
(49, 0, 'WMA', '2025-04-14 07:04:53', '46.83', 186.7899932861328),
(50, 0, 'WMA', '2025-04-14 07:05:04', '46.83', 186.7899932861328),
(51, 0, 'WMA', '2025-04-14 07:05:19', '46.83', 186.7899932861328),
(52, 0, 'WMA', '2025-04-14 07:37:33', '46.83', 186.7899932861328),
(53, 0, 'WMA', '2025-04-14 08:20:25', '47.17', 185.05999755859375),
(54, 0, 'WMA', '2025-04-14 08:43:21', '47.17', 185.05999755859375),
(55, 0, 'WMA', '2025-04-14 08:44:22', '47.17', 185.05999755859375),
(56, 0, 'WMA', '2025-04-15 05:14:17', '47.17', 185.05999755859375),
(57, 0, 'WMA', '2025-04-15 05:22:07', '46.83', 181.05999755859375),
(58, 0, 'WMA', '2025-04-15 05:48:27', '46.83', 181.05999755859375),
(59, 0, 'WMA', '2025-04-15 05:49:41', '46.83', 181.05999755859375),
(60, 0, 'WMA', '2025-04-15 05:55:34', '46.83', 181.05999755859375),
(61, 0, 'WMA', '2025-04-15 06:03:16', '46.83', 181.05999755859375),
(62, 0, 'WMA', '2025-04-15 06:55:46', '46.83', 181.05999755859375),
(63, 0, 'WMA', '2025-04-15 07:11:09', '46.83', 181.05999755859375),
(64, 0, 'WMA', '2025-04-15 07:14:22', '46.83', 181.05999755859375),
(65, 0, 'WMA', '2025-04-15 07:16:05', '46.83', 181.05999755859375),
(66, 0, 'WMA', '2025-04-15 07:16:57', '46.83', 181.05999755859375),
(67, 0, 'WMA', '2025-04-15 07:17:20', '46.83', 181.05999755859375),
(68, 0, 'WMA', '2025-04-15 07:17:48', '46.83', 181.05999755859375),
(69, 0, 'WMA', '2025-04-15 08:07:54', '31.17', 76),
(70, 0, 'WMA', '2025-04-15 08:08:12', '46.83', 181.05999755859375),
(71, 0, 'WMA', '2025-04-15 08:46:45', '46.83', 181.05999755859375),
(72, 0, 'WMA', '2025-04-18 08:21:12', '46.83', 181.05999755859375),
(73, 0, 'SES', '2025-04-18 08:57:12', '42.76', 118.62999725341797),
(74, 0, 'SES', '2025-04-18 09:07:20', '42.76', 118.62999725341797),
(75, 0, 'WMA', '2025-04-18 09:07:55', '46.83', 181.05999755859375),
(76, 0, 'SES', '2025-04-18 09:08:24', '42.76', 118.62999725341797),
(77, 0, 'SES', '2025-04-18 09:17:14', '42.76', 145.16000366210938),
(78, 0, 'SES', '2025-04-18 09:37:33', '42.76', 145.16000366210938),
(79, 0, 'SES', '2025-04-18 09:40:16', '42.76', 145.16000366210938),
(80, 0, 'SES', '2025-04-18 09:43:51', '42.76', 145.16000366210938),
(81, 1, 'WMA', '2025-04-18 11:05:48', '46.83', 181.05999755859375),
(82, 1, 'SES', '2025-04-18 11:07:11', '42.76', 145.16000366210938),
(84, 1, 'SES', '2025-04-20 08:37:47', '42.76', 145.16000366210938),
(85, 1, 'WMA', '2025-04-20 08:53:10', '46.83', 181.05999755859375),
(86, 1, 'WMA', '2025-04-20 09:23:25', '46.83', 181.05999755859375),
(88, 1, 'WMA', '2025-04-20 09:45:03', '46.83', 181.05999755859375),
(89, 1, 'WMA', '2025-05-01 08:23:33', '46.83', 181.05999755859375),
(90, 1, 'SES', '2025-05-01 08:24:16', '42.76', 145.16000366210938),
(92, 1, 'WMA', '2025-05-01 13:42:21', '46.83', 181.05999755859375),
(93, 1, 'SES', '2025-05-01 13:43:03', '42.76', 145.16000366210938),
(96, 1, 'WMA', '2025-05-01 13:52:09', '46.83', 181.05999755859375),
(97, 1, 'WMA', '2025-05-01 14:09:30', '46.83', 181.05999755859375),
(98, 1, 'SES', '2025-05-01 14:39:37', '42.76', 145.16000366210938),
(100, 1, 'WMA', '2025-05-01 15:57:53', '46.83', 181.05999755859375),
(101, 1, 'WMA', '2025-05-01 16:37:07', '46.83', 181.05999755859375),
(102, 1, 'WMA', '2025-05-05 13:56:20', '46.83', 181.05999755859375),
(104, 1, 'WMA', '2025-05-08 13:10:00', '46.83', 181.05999755859375),
(105, 1, 'SES', '2025-05-08 13:12:18', '42.76', 145.16000366210938),
(106, 1, 'SES', '2025-05-09 07:19:00', '42.76', 145.16000366210938),
(107, 1, 'WMA', '2025-05-09 07:32:03', '46.83', 181.05999755859375),
(108, 1, 'SES', '2025-05-09 07:58:34', '42.76', 145.16000366210938),
(109, 1, 'WMA', '2025-05-09 10:32:11', '46.83', 181.05999755859375),
(110, 1, 'WMA', '2025-05-09 10:37:48', '46.83', 181.05999755859375),
(111, 1, 'SES', '2025-05-09 10:39:43', '42.76', 145.16000366210938),
(112, 1, 'WMA', '2025-05-15 11:28:01', '46.83', 181.05999755859375),
(113, 1, 'SES', '2025-05-15 11:28:13', '42.76', 145.16000366210938),
(114, 1, 'WMA', '2025-05-15 11:36:07', '46.83', 181.05999755859375),
(115, 1, 'SES', '2025-05-15 12:02:08', '42.76', 145.16000366210938),
(117, 1, 'WMA', '2025-05-20 19:40:31', '39.17', 124.72000122070312),
(118, 1, 'SES', '2025-05-20 19:40:44', '39.55', 94.97000122070312),
(119, 2, 'WMA', '2025-05-20 19:56:29', '41.83', 71.9800033569336),
(120, 2, 'SES', '2025-05-20 19:56:40', '44.56', 92.56999969482422),
(121, 2, 'WMA', '2025-05-20 19:58:40', '41.83', 71.9800033569336),
(122, 2, 'WMA', '2025-05-20 20:00:39', '39.83', 75.5199966430664),
(123, 2, 'SES', '2025-05-20 20:00:48', '43.6', 97.51000213623047),
(124, 2, 'WMA', '2025-05-20 20:02:31', '39.83', 80.94999694824219),
(125, 2, 'SES', '2025-05-20 20:02:38', '42.86', 61.63999938964844),
(126, 3, 'WMA', '2025-05-20 20:05:00', '37', 62.130001068115234),
(127, 3, 'SES', '2025-05-20 20:05:07', '33.88', 53.869998931884766),
(130, 3, 'WMA', '2025-05-20 20:11:34', '32.83', 63.88999938964844),
(131, 3, 'SES', '2025-05-20 20:11:41', '33.9', 53.040000915527344),
(132, 4, 'WMA', '2025-05-20 20:14:02', '31.17', 76),
(133, 4, 'SES', '2025-05-20 20:14:07', '33.95', 60.88999938964844),
(134, 4, 'WMA', '2025-05-20 20:17:35', '38.17', 74.2699966430664),
(135, 4, 'SES', '2025-05-20 20:17:42', '38.97', 60.880001068115234),
(136, 2, 'WMA', '2025-05-20 20:27:05', '39.83', 75.5199966430664),
(137, 2, 'SES', '2025-05-20 20:27:09', '43.6', 97.51000213623047),
(138, 3, 'WMA', '2025-05-20 20:29:20', '32.83', 64.13999938964844),
(139, 3, 'SES', '2025-05-20 20:29:24', '34.07', 50.45000076293945),
(140, 3, 'WMA', '2025-05-20 20:30:33', '32.83', 67.19999694824219),
(141, 3, 'SES', '2025-05-20 20:30:38', '35.06', 116.58000183105469),
(142, 5, 'WMA', '2025-05-20 20:37:32', '26.67', 202.39999389648438),
(143, 5, 'SES', '2025-05-20 20:37:41', '34.36', 182.1999969482422),
(146, 6, 'WMA', '2025-05-20 20:57:49', '38', 134.4199981689453),
(147, 6, 'SES', '2025-05-20 20:58:00', '35.18', 165.91000366210938),
(148, 7, 'WMA', '2025-05-20 21:03:13', '27.67', 116.1500015258789),
(149, 7, 'SES', '2025-05-20 21:03:17', '30.53', 89.55000305175781),
(150, 8, 'WMA', '2025-05-20 21:04:08', '30.83', 132.8699951171875),
(151, 8, 'SES', '2025-05-20 21:04:14', '32.81', 133.92999267578125),
(152, 8, 'WMA', '2025-05-20 21:07:32', '36.17', 138.22999572753906),
(153, 8, 'SES', '2025-05-20 21:07:37', '31.75', 131.64999389648438),
(154, 8, 'WMA', '2025-05-20 21:10:40', '33.67', 126.7300033569336),
(155, 8, 'SES', '2025-05-20 21:10:43', '30.96', 120.30000305175781),
(156, 8, 'WMA', '2025-05-20 21:12:04', '33.67', 142.1699981689453),
(157, 8, 'SES', '2025-05-20 21:12:09', '30.8', 130.50999450683594),
(158, 8, 'WMA', '2025-05-20 21:13:00', '33.67', 127.79000091552734),
(159, 8, 'SES', '2025-05-20 21:13:04', '30.81', 129.50999450683594),
(160, 9, 'WMA', '2025-05-20 21:17:13', '18.5', 46.45000076293945),
(161, 9, 'SES', '2025-05-20 21:17:17', '25.24', 62.130001068115234),
(162, 10, 'WMA', '2025-05-20 21:21:09', '27.67', 80.6500015258789),
(163, 10, 'SES', '2025-05-20 21:21:13', '32.96', 79.41999816894531),
(164, 2, 'WMA', '2025-05-20 21:30:48', '39.83', 80.94999694824219),
(165, 2, 'SES', '2025-05-20 21:30:54', '42.86', 61.63999938964844),
(166, 3, 'WMA', '2025-05-20 21:31:27', '32.83', 67.19999694824219),
(167, 3, 'SES', '2025-05-20 21:31:33', '35.06', 116.58000183105469),
(168, 4, 'WMA', '2025-05-20 21:32:16', '38.17', 74.2699966430664),
(169, 4, 'SES', '2025-05-20 21:32:22', '38.97', 60.880001068115234),
(170, 1, 'WMA', '2025-05-21 21:44:04', '39.17', 124.72000122070312),
(171, 1, 'WMA', '2025-05-22 11:46:04', '39.17', 124.72000122070312),
(172, 1, 'SES', '2025-05-22 12:15:37', '39.55', 94.97000122070312),
(173, 1, 'WMA', '2025-06-28 10:02:59', '39.17', 124.72000122070312),
(174, 1, 'SES', '2025-06-28 10:03:54', '39.55', 94.97000122070312),
(175, 1, 'WMA', '2025-06-28 10:04:44', '39.17', 124.72000122070312),
(176, 1, 'SES', '2025-06-28 10:05:04', '39.55', 94.97000122070312),
(177, 1, 'WMA', '2025-06-28 10:10:21', '39.17', 124.72000122070312),
(178, 1, 'WMA', '2025-06-28 11:44:02', '39.17', 124.72000122070312),
(179, 1, 'SES', '2025-06-28 11:44:26', '39.55', 94.97000122070312),
(180, 1, 'WMA', '2025-06-28 11:55:49', '39.17', 124.72000122070312),
(181, 1, 'SES', '2025-06-28 11:55:58', '39.55', 94.97000122070312),
(183, 1, 'SES', '2025-06-28 20:22:09', '39.55', 94.97000122070312),
(184, 1, 'WMA', '2025-06-30 21:03:09', '39.17', 124.72000122070312),
(185, 1, 'SES', '2025-06-30 21:06:47', '39.55', 94.97000122070312),
(186, 1, 'WMA', '2025-07-01 11:32:55', '39.1667', 124.7157974243164),
(187, 1, 'SES', '2025-07-01 12:07:55', '39.5499', 94.97129821777344),
(188, 1, 'WMA', '2025-07-01 12:18:44', '39.1667', 124.7157974243164),
(189, 2, 'WMA', '2025-07-01 12:22:10', '39.8333', 80.94869995117188),
(190, 1, 'WMA', '2025-07-01 12:25:51', '39.1667', 124.7157974243164),
(191, 1, 'WMA', '2025-07-01 12:32:33', '39.1667', 124.7158),
(192, 1, 'SES', '2025-07-01 12:33:13', '39.5499', 94.9713),
(193, 2, 'WMA', '2025-07-01 12:40:36', '39.8333', 80.9487),
(194, 2, 'SES', '2025-07-01 12:41:24', '42.865', 61.6367),
(195, 3, 'WMA', '2025-07-01 12:48:23', '32.8333', 67.2009),
(196, 3, 'SES', '2025-07-01 12:49:00', '35.0569', 116.583),
(197, 4, 'WMA', '2025-07-01 12:54:15', '38.1667', 74.2692),
(198, 4, 'SES', '2025-07-01 12:54:39', '38.9695', 60.8846),
(199, 5, 'WMA', '2025-07-01 13:44:49', '26.6667', 202.3996),
(200, 5, 'SES', '2025-07-01 13:51:38', '34.3622', 182.2036),
(201, 6, 'WMA', '2025-07-01 13:54:48', '38', 134.4231),
(202, 6, 'SES', '2025-07-01 13:55:39', '35.1763', 165.9051),
(204, 7, 'WMA', '2025-07-01 14:03:48', '27.6667', 116.1474),
(205, 7, 'SES', '2025-07-01 14:04:38', '30.5334', 89.5485),
(206, 8, 'WMA', '2025-07-01 14:15:07', '33.6667', 127.7906),
(207, 8, 'SES', '2025-07-01 14:16:10', '30.8145', 129.5052),
(208, 9, 'WMA', '2025-07-01 14:21:02', '18.5', 46.4509),
(209, 9, 'SES', '2025-07-01 14:21:20', '25.242', 62.1282),
(210, 10, 'SES', '2025-07-01 14:24:54', '32.9623', 79.4205),
(211, 10, 'WMA', '2025-07-01 14:25:46', '27.6667', 80.6496),
(212, 9, 'WMA', '2025-07-01 15:15:36', '31', 15.1068),
(213, 9, 'SES', '2025-07-01 15:16:17', '31.9104', 13.2282),
(214, 8, 'WMA', '2025-07-01 16:02:41', '23.8333', 25.656),
(215, 8, 'SES', '2025-07-01 16:02:55', '25.4001', 29.2844),
(216, 7, 'WMA', '2025-07-01 16:29:12', '35.5', 75.1944),
(217, 7, 'SES', '2025-07-01 16:29:25', '36.7451', 68.1762),
(218, 6, 'WMA', '2025-07-01 18:48:36', '36.3333', 57.7821),
(219, 6, 'SES', '2025-07-01 18:48:57', '34.7044', 65.0163),
(220, 5, 'WMA', '2025-07-01 19:16:45', '35.5', 96.0748),
(221, 5, 'SES', '2025-07-01 19:17:14', '38.9329', 92.8528),
(222, 3, 'WMA', '2025-07-01 19:31:20', '34.8333', 23.1111),
(223, 3, 'SES', '2025-07-01 19:31:36', '37.0473', 23.8112),
(224, 1, 'WMA', '2025-07-01 19:54:16', '38', 76.0043),
(225, 1, 'SES', '2025-07-01 19:54:29', '38.2938', 60.348),
(226, 9, 'WMA', '2025-07-01 21:47:10', '31', 15.1068),
(227, 9, 'SES', '2025-07-01 22:30:39', '31.9104', 13.2282),
(230, 1, 'WMA', '2025-07-14 20:40:39', '38', 76.0043),
(231, 1, 'SES', '2025-07-14 20:42:31', '38.2938', 60.348),
(232, 1, 'WMA', '2025-07-14 20:43:29', '38', 76.0043),
(233, 1, 'SES', '2025-07-14 20:47:18', '38.2938', 60.348),
(234, 2, 'WMA', '2025-07-14 21:03:01', '39.8333', 80.9487),
(235, 2, 'SES', '2025-07-14 21:07:31', '42.865', 61.6367),
(236, 2, 'WMA', '2025-07-14 21:20:31', '39.8333', 80.9487),
(237, 2, 'SES', '2025-07-14 21:20:42', '42.865', 61.6367),
(238, 2, 'SES', '2025-07-14 21:28:52', '42.865', 61.6367),
(239, 2, 'SES', '2025-07-14 21:33:01', '42.865', 61.6367),
(240, 3, 'WMA', '2025-07-14 21:37:22', '34.8333', 23.1111),
(241, 3, 'SES', '2025-07-14 21:40:39', '37.0473', 23.8112),
(242, 4, 'WMA', '2025-07-14 21:44:04', '38.1667', 74.2692),
(243, 4, 'SES', '2025-07-14 21:46:07', '38.9695', 60.8846),
(244, 5, 'SES', '2025-07-14 21:50:21', '38.9329', 92.8528),
(245, 5, 'WMA', '2025-07-14 21:50:30', '35.5', 96.0748),
(246, 5, 'SES', '2025-07-14 21:52:25', '38.9329', 92.8528),
(247, 6, 'WMA', '2025-07-14 21:54:36', '36.3333', 57.7821),
(248, 6, 'SES', '2025-07-14 21:56:05', '34.7044', 65.0163),
(249, 7, 'WMA', '2025-07-14 21:58:40', '35.5', 75.1944),
(250, 7, 'SES', '2025-07-14 22:01:00', '36.7451', 68.1762),
(251, 8, 'WMA', '2025-07-14 22:02:17', '23.8333', 25.656),
(252, 8, 'SES', '2025-07-14 22:04:53', '25.4001', 29.2844),
(253, 9, 'WMA', '2025-07-14 22:07:20', '31', 15.1068),
(254, 9, 'SES', '2025-07-14 22:09:20', '31.9104', 13.2282),
(255, 10, 'WMA', '2025-07-14 22:11:56', '27.6667', 80.6496),
(256, 10, 'SES', '2025-07-14 22:13:57', '32.9623', 79.4205),
(257, 1, 'WMA', '2025-07-16 10:43:32', '38', 76.0043),
(258, 1, 'SES', '2025-07-16 10:44:04', '38.2938', 60.348),
(259, 2, 'WMA', '2025-07-16 10:47:04', '39.8333', 80.9487),
(260, 2, 'SES', '2025-07-16 10:47:12', '42.865', 61.6367),
(261, 3, 'WMA', '2025-07-16 10:47:28', '34.8333', 23.1111),
(262, 3, 'SES', '2025-07-16 10:47:43', '37.0473', 23.8112),
(263, 3, 'SES', '2025-07-16 10:51:18', '36.2365', 22.1505),
(264, 3, 'SES', '2025-07-16 10:51:39', '36.2365', 22.1505),
(265, 3, 'SES', '2025-07-16 10:53:11', '38.8157', 32.0126),
(266, 3, 'SES', '2025-07-16 10:53:16', '38.8157', 32.0126),
(267, 3, 'SES', '2025-07-16 10:55:51', '38.8157', 32.0126),
(268, 3, 'SES', '2025-07-16 10:56:28', '38.8157', 32.0126),
(269, 3, 'WMA', '2025-07-16 10:56:55', '34.8333', 23.1111),
(270, 9, 'WMA', '2025-07-16 10:58:48', '31', 15.1068),
(272, 1, 'WMA', '2025-07-22 22:07:08', '38', 76.0043),
(281, 5, 'WMA', '2025-07-25 21:19:51', '35.5', 96.0748);

-- --------------------------------------------------------

--
-- Table structure for table `user`
--

CREATE TABLE `user` (
  `id_user` int(11) NOT NULL,
  `username` varchar(25) DEFAULT NULL,
  `password` varchar(50) DEFAULT NULL,
  `level` int(11) DEFAULT NULL
) ENGINE=InnoDB DEFAULT CHARSET=utf8mb4;

--
-- Dumping data for table `user`
--

INSERT INTO `user` (`id_user`, `username`, `password`, `level`) VALUES
(1, 'admin', 'admin', 1),
(2, 'karyawan', 'karyawan', 2);

--
-- Indexes for dumped tables
--

--
-- Indexes for table `barang`
--
ALTER TABLE `barang`
  ADD PRIMARY KEY (`id_barang`);

--
-- Indexes for table `penjualan`
--
ALTER TABLE `penjualan`
  ADD PRIMARY KEY (`id_penjualan`),
  ADD KEY `fk_mengambil` (`id_barang`),
  ADD KEY `fk_mengelola` (`id_user`);

--
-- Indexes for table `perbandingan`
--
ALTER TABLE `perbandingan`
  ADD PRIMARY KEY (`id_perbandingan`),
  ADD KEY `fk_melakukan` (`id_prediksi`);

--
-- Indexes for table `prediksi`
--
ALTER TABLE `prediksi`
  ADD PRIMARY KEY (`id_prediksi`),
  ADD KEY `fk_memilih` (`id_barang`);

--
-- Indexes for table `user`
--
ALTER TABLE `user`
  ADD PRIMARY KEY (`id_user`);

--
-- AUTO_INCREMENT for dumped tables
--

--
-- AUTO_INCREMENT for table `barang`
--
ALTER TABLE `barang`
  MODIFY `id_barang` int(11) NOT NULL AUTO_INCREMENT, AUTO_INCREMENT=16;

--
-- AUTO_INCREMENT for table `penjualan`
--
ALTER TABLE `penjualan`
  MODIFY `id_penjualan` int(11) NOT NULL AUTO_INCREMENT, AUTO_INCREMENT=191;

--
-- AUTO_INCREMENT for table `perbandingan`
--
ALTER TABLE `perbandingan`
  MODIFY `id_perbandingan` int(11) NOT NULL AUTO_INCREMENT, AUTO_INCREMENT=58;

--
-- AUTO_INCREMENT for table `prediksi`
--
ALTER TABLE `prediksi`
  MODIFY `id_prediksi` int(11) NOT NULL AUTO_INCREMENT, AUTO_INCREMENT=283;

--
-- AUTO_INCREMENT for table `user`
--
ALTER TABLE `user`
  MODIFY `id_user` int(11) NOT NULL AUTO_INCREMENT, AUTO_INCREMENT=17;

--
-- Constraints for dumped tables
--

--
-- Constraints for table `penjualan`
--
ALTER TABLE `penjualan`
  ADD CONSTRAINT `fk_mengambil` FOREIGN KEY (`id_barang`) REFERENCES `barang` (`id_barang`) ON DELETE CASCADE ON UPDATE CASCADE,
  ADD CONSTRAINT `fk_mengelola` FOREIGN KEY (`id_user`) REFERENCES `user` (`id_user`) ON DELETE SET NULL ON UPDATE CASCADE;

--
-- Constraints for table `perbandingan`
--
ALTER TABLE `perbandingan`
  ADD CONSTRAINT `fk_melakukan` FOREIGN KEY (`id_prediksi`) REFERENCES `prediksi` (`id_prediksi`);

--
-- Constraints for table `prediksi`
--
ALTER TABLE `prediksi`
  ADD CONSTRAINT `fk_memilih` FOREIGN KEY (`id_barang`) REFERENCES `barang` (`id_barang`) ON DELETE CASCADE ON UPDATE CASCADE;
COMMIT;

/*!40101 SET CHARACTER_SET_CLIENT=@OLD_CHARACTER_SET_CLIENT */;
/*!40101 SET CHARACTER_SET_RESULTS=@OLD_CHARACTER_SET_RESULTS */;
/*!40101 SET COLLATION_CONNECTION=@OLD_COLLATION_CONNECTION */;
